id,gender,ssc_p,hsc_p,degree_p,workex,etest_p,mba_p,status,salary,ssc_b_Others,hsc_b_Others,hsc_s_Commerce,hsc_s_Science,degree_t_Others,degree_t_Sci&Tech,specialisation_Mkt&HR
61,1,61.84,57.93,68.03,0,60.6,55.1,0,0.0,True,True,False,True,False,True,True
273,1,63.06,75.61,63.4,1,62.33,54.69,1,424507.0,False,False,True,False,False,False,True
489,1,76.34,63.37,71.33,0,53.98,53.03,1,200000.0,False,False,False,True,False,True,True
721,1,54.12,65.47,73.83,1,62.09,58.87,0,0.0,True,True,True,False,False,False,False
95,1,63.12,68.94,66.08,1,71.99,67.01,1,327148.0,True,False,True,False,False,False,True
949,0,68.28,64.54,69.63,0,76.84,68.37,1,313781.0,True,False,False,True,False,True,False
342,0,81.85,65.72,65.96,0,69.53,69.7,1,217609.0,False,True,False,True,False,True,True
63,1,88.52,64.53,82.4,0,63.51,70.22,1,476974.0,False,False,True,False,False,False,False
157,1,74.4,63.6,75.95,1,82.3,58.63,1,417020.0,False,True,False,True,True,False,False
884,1,68.32,62.94,65.6,0,66.53,56.56,1,217609.0,True,True,True,False,False,False,True
633,1,70.43,68.46,69.75,0,92.6,59.44,1,433108.0,True,True,True,False,False,False,False
145,0,52.94,62.36,73.22,0,50.0,56.75,1,217609.0,True,False,True,False,False,False,True
612,1,53.06,52.74,62.55,1,76.19,51.39,1,200000.0,False,True,True,False,False,False,True
28,1,63.92,69.6,69.38,0,57.38,64.38,1,323225.0,False,True,False,False,False,False,True
15,1,53.19,60.62,58.84,0,77.09,57.26,0,0.0,True,True,True,False,True,False,True
972,0,86.32,81.17,75.31,0,83.26,64.17,1,300141.0,False,True,True,False,True,False,False
970,1,67.13,67.75,69.42,0,80.52,65.88,1,260966.0,False,True,True,False,False,False,True
755,1,59.48,62.33,63.87,1,62.86,70.38,1,240543.0,True,True,False,True,False,False,True
615,1,84.28,73.99,71.51,1,91.66,65.44,1,269942.0,True,True,False,False,False,True,False
552,0,48.28,72.85,63.92,0,87.45,61.34,1,277156.0,False,True,True,False,False,False,False
496,1,61.92,67.19,61.37,0,54.79,59.9,1,342912.0,False,True,False,True,False,False,False
208,1,77.5,73.68,61.31,1,90.07,65.7,1,301960.0,False,True,False,True,False,False,True
395,0,69.91,61.94,66.85,1,95.43,68.8,1,297958.0,False,False,False,True,False,False,True
186,1,58.93,45.87,58.48,0,96.06,57.29,1,217609.0,False,True,True,False,False,False,False
625,1,74.13,61.69,68.57,0,82.76,59.52,1,457870.0,True,True,True,False,False,False,False
163,1,53.01,48.8,58.44,1,89.4,53.84,0,0.0,True,True,False,True,False,False,False
819,1,52.55,55.24,57.43,0,66.94,51.86,0,0.0,True,True,True,False,False,True,True
37,1,83.83,85.33,70.88,1,95.4,61.59,1,232271.0,False,True,True,False,False,False,False
802,1,53.38,65.85,62.73,0,74.0,57.51,0,0.0,True,True,True,False,False,False,False
235,0,40.89,65.79,58.0,0,54.87,55.72,0,0.0,False,True,True,False,False,False,True
432,1,74.6,64.45,66.13,1,75.85,61.28,0,0.0,True,True,False,False,False,True,True
244,1,51.31,62.05,63.91,0,84.64,62.02,0,0.0,True,True,True,False,False,True,False
10,0,74.64,77.34,77.29,0,81.79,67.26,1,301817.0,True,True,False,False,False,True,False
660,0,86.74,97.03,73.17,0,66.02,70.92,1,363527.0,True,True,False,True,False,True,False
200,0,71.22,52.52,67.14,0,90.7,59.65,1,200000.0,False,True,False,True,False,False,True
514,0,61.64,65.73,71.99,1,70.96,62.84,1,200000.0,True,False,True,False,False,False,True
233,1,60.95,65.02,63.89,0,63.5,54.16,1,249286.0,False,False,True,False,False,False,True
637,0,64.81,74.24,63.69,0,63.69,70.16,1,200000.0,False,True,False,True,False,True,False
749,0,68.46,63.02,70.34,0,57.49,70.55,0,0.0,False,True,False,True,True,False,False
727,0,73.65,75.04,76.58,0,85.75,54.82,0,0.0,True,True,True,False,False,False,True
742,0,61.4,69.91,66.88,1,77.66,60.01,1,307791.0,False,True,False,False,False,False,False
110,0,78.56,68.68,58.76,0,76.83,65.1,1,253949.0,False,True,True,False,False,False,True
147,1,85.43,66.93,80.05,1,89.25,64.27,1,724445.0,True,True,False,True,False,False,False
490,1,59.48,61.35,66.94,0,55.82,58.53,0,0.0,False,False,False,True,False,True,True
818,0,64.06,45.63,54.42,0,72.21,63.04,0,0.0,True,True,True,False,False,False,True
414,1,61.79,71.49,56.82,0,74.36,74.22,0,0.0,False,False,False,False,False,False,True
997,1,52.36,51.03,57.37,0,73.99,55.13,0,0.0,False,True,False,False,False,True,True
585,1,89.4,81.56,66.96,1,71.43,67.77,1,469540.0,True,True,False,True,False,False,False
822,1,69.5,92.73,72.01,0,57.54,57.21,1,613073.0,False,False,True,False,False,False,False
460,1,62.87,74.97,74.85,1,71.44,77.06,1,200000.0,True,True,True,False,False,True,True
277,0,70.68,69.59,73.46,0,62.15,71.62,1,214432.0,False,True,True,False,False,False,False
454,0,74.55,88.21,75.56,0,84.89,60.47,1,331945.0,True,True,True,False,False,False,False
378,0,50.88,39.87,56.04,0,65.57,55.36,0,0.0,True,False,False,True,False,False,False
807,0,51.51,55.86,59.39,1,64.22,60.88,0,0.0,True,True,False,True,False,False,False
316,0,71.33,66.27,79.61,0,88.54,64.61,1,351946.0,True,False,True,False,False,False,True
801,0,79.69,67.92,74.19,1,62.43,68.43,1,200000.0,True,True,True,False,False,False,False
5,0,50.49,47.77,56.48,0,69.95,56.11,0,0.0,True,True,True,False,False,False,False
779,1,54.91,60.32,60.98,1,56.59,61.55,1,369685.0,False,True,True,False,False,False,True
832,1,58.57,79.2,66.35,0,69.66,59.33,1,236845.0,False,True,False,True,False,False,False
916,0,54.15,55.38,59.35,0,57.87,64.4,1,217609.0,False,True,False,True,False,False,True
211,1,70.09,79.97,67.81,0,62.02,70.1,1,288669.0,False,False,True,False,False,False,False
654,1,62.0,70.94,65.36,0,88.02,66.61,0,0.0,True,False,False,True,False,True,False
800,1,74.95,70.04,65.26,1,55.25,59.83,1,200000.0,False,True,True,False,False,False,False
988,0,89.4,73.23,90.27,1,77.58,66.32,1,278293.0,False,True,False,True,False,False,False
734,1,52.6,69.25,58.7,1,64.3,52.23,1,200000.0,True,True,True,False,False,False,False
321,0,71.48,63.33,59.02,0,79.96,63.68,0,0.0,True,True,False,True,False,True,False
530,0,78.04,80.6,72.31,1,68.01,73.89,1,323323.0,False,True,True,False,False,True,False
451,0,51.68,57.39,59.17,0,57.82,63.15,1,217609.0,True,True,True,False,True,False,False
527,0,82.84,68.55,85.18,0,87.74,71.97,1,200000.0,True,True,False,True,False,False,True
559,1,74.2,64.46,72.68,0,98.0,65.96,1,417091.0,False,True,False,True,False,False,False
180,1,65.25,77.7,64.67,0,88.43,69.25,0,0.0,False,True,True,False,False,False,False
450,1,63.25,64.23,64.14,0,58.04,60.65,0,0.0,False,True,True,False,False,False,True
327,1,57.43,67.72,62.24,0,56.18,51.21,1,200000.0,True,False,True,False,False,False,False
595,1,61.82,76.93,68.0,1,60.27,63.04,1,282299.0,True,True,False,True,False,True,False
390,1,73.29,68.42,65.22,0,79.16,67.86,1,447944.0,True,True,True,False,False,False,False
117,0,84.01,77.78,69.84,0,65.74,63.11,1,262167.0,False,True,False,True,False,False,True
152,1,79.53,72.73,74.88,0,51.06,69.61,1,254547.0,False,True,False,True,False,True,False
806,1,65.9,57.33,61.97,0,56.92,62.14,0,0.0,True,False,False,True,False,True,False
568,1,44.07,54.78,55.69,1,68.18,51.21,1,211175.0,True,True,True,False,False,False,True
58,0,67.12,63.92,72.02,0,57.89,62.11,1,413439.0,True,True,False,False,False,False,True
624,0,50.83,60.66,67.11,0,89.56,60.38,1,224756.0,False,True,False,True,False,False,False
89,1,68.98,84.07,66.47,1,56.91,68.27,1,200000.0,False,False,True,False,False,False,True
931,0,63.43,52.21,64.12,1,98.0,74.51,1,217609.0,False,True,True,False,False,False,True
286,1,57.59,44.13,66.73,1,70.37,55.62,1,295764.0,True,True,False,True,False,False,False
979,1,60.0,53.81,58.34,0,53.61,52.95,1,217609.0,False,False,True,False,False,False,True
945,1,67.52,69.68,69.03,1,51.83,58.91,1,200000.0,False,False,False,True,False,True,True
288,1,63.08,54.82,68.53,1,68.73,55.15,1,226186.0,False,False,True,False,False,True,False
169,1,46.99,55.29,54.06,0,72.94,58.1,0,0.0,False,False,True,False,False,False,False
994,1,50.76,65.49,64.69,0,50.45,66.82,1,200000.0,True,True,False,True,False,False,True
761,1,53.19,61.86,65.85,0,56.42,67.26,0,0.0,False,True,True,False,False,False,True
33,1,40.89,48.46,50.0,0,60.66,57.62,0,0.0,False,False,False,False,False,True,True
334,1,60.24,57.63,61.72,0,52.49,58.67,1,200000.0,False,True,True,False,True,False,False
265,0,60.22,44.88,59.08,0,71.56,55.98,1,217609.0,False,False,False,True,False,False,True
337,1,76.46,63.68,72.57,0,92.93,62.78,1,303102.0,True,True,True,False,False,False,False
453,0,67.5,68.95,73.13,1,76.13,58.53,1,529497.0,False,False,True,False,False,False,False
250,0,71.78,63.06,56.89,0,54.0,63.16,0,0.0,False,True,True,False,False,True,True
407,1,81.25,75.95,77.91,1,98.0,63.48,1,418360.0,False,True,False,True,False,True,False
331,1,56.53,64.19,55.58,0,59.75,58.21,1,200000.0,False,False,False,True,False,False,True
217,0,62.87,65.97,62.61,0,84.43,58.48,0,0.0,False,True,True,False,False,False,True
287,1,68.92,55.44,65.24,1,64.94,63.13,0,0.0,True,True,True,False,False,False,True
862,1,57.6,70.35,63.14,0,94.44,60.57,1,200000.0,False,False,True,False,False,False,False
476,0,51.36,57.64,66.48,1,66.88,67.28,1,200000.0,False,True,True,False,False,False,True
845,1,80.77,96.05,68.03,1,96.4,69.42,1,238107.0,False,True,True,False,False,False,False
151,0,63.63,58.94,71.15,0,73.53,58.52,1,200000.0,True,True,False,True,False,False,False
206,0,52.07,50.34,54.42,1,71.35,55.94,1,249700.0,False,False,True,False,False,False,False
549,0,60.54,63.42,67.15,0,92.21,62.21,1,291786.0,False,False,False,True,False,False,False
154,1,61.2,65.09,63.46,0,57.51,62.22,0,0.0,False,True,True,False,False,False,True
578,1,45.07,61.54,60.22,0,85.81,58.85,1,217609.0,False,True,True,False,False,False,True
518,0,70.36,66.46,62.94,0,50.0,53.3,1,217609.0,True,True,False,True,False,False,True
888,0,58.92,43.14,70.59,1,98.0,66.98,1,200000.0,True,False,False,True,False,True,True
614,1,76.3,85.39,71.79,1,96.24,69.51,1,364984.0,True,True,True,False,False,False,False
868,1,71.16,68.11,60.79,1,67.41,62.16,1,285601.0,True,True,False,True,False,True,True
466,1,57.52,46.37,62.2,1,58.41,64.55,1,200000.0,False,True,False,True,False,False,True
99,1,85.46,82.15,69.63,1,96.07,77.05,1,200000.0,False,True,True,False,False,True,True
925,1,76.68,54.93,64.64,0,60.16,57.56,1,245568.0,False,False,False,True,False,True,True
766,0,82.81,60.7,64.49,1,62.45,68.45,0,0.0,True,True,True,False,False,False,True
207,1,66.59,64.37,53.7,1,56.37,58.28,1,408807.0,True,False,False,False,False,False,True
817,1,45.44,49.33,51.99,0,58.3,51.93,0,0.0,True,True,True,False,False,False,True
280,1,57.68,69.6,58.64,1,77.93,55.32,1,269925.0,False,True,False,True,False,False,False
882,1,66.99,67.3,70.87,0,57.39,61.92,1,246610.0,True,True,False,True,False,True,True
330,1,75.23,77.95,68.87,0,98.0,63.15,1,426226.0,False,True,False,True,False,False,True
547,1,89.4,61.27,64.38,0,80.57,57.57,1,362632.0,True,True,True,False,False,False,True
357,1,64.54,65.29,65.51,0,56.55,56.73,1,200000.0,True,True,True,False,False,False,False
215,0,80.91,97.51,81.4,1,98.0,67.05,1,288277.0,False,True,False,True,False,True,False
101,1,64.25,75.01,69.34,0,76.58,67.66,1,217609.0,False,True,False,True,False,True,True
878,0,68.27,64.44,57.7,0,52.98,65.0,1,275589.0,True,False,True,False,False,False,False
253,1,63.28,74.1,67.03,0,98.0,70.87,1,204505.0,False,False,True,False,False,False,False
194,1,64.99,77.24,60.4,0,68.27,60.86,0,0.0,False,False,True,False,False,False,True
898,0,51.53,82.22,72.44,0,63.34,52.91,1,217609.0,False,False,True,False,False,False,False
424,1,48.39,61.66,61.63,0,69.48,58.87,1,200000.0,False,True,True,False,False,False,True
682,0,59.17,78.21,76.29,0,81.73,74.05,1,294894.0,False,True,False,True,False,False,False
239,0,50.79,48.41,53.58,0,56.02,53.25,0,0.0,False,False,False,True,False,False,True
295,1,70.9,58.68,75.02,0,90.54,65.54,0,0.0,True,True,True,False,False,False,True
483,0,51.66,54.75,62.95,0,54.85,68.68,0,0.0,True,False,False,True,False,False,False
636,1,63.65,68.21,66.37,1,94.54,62.72,1,235773.0,True,True,True,False,False,False,True
950,1,72.94,62.77,69.82,0,70.2,59.56,1,200000.0,True,False,False,True,False,False,True
463,0,65.94,64.48,71.8,1,62.21,62.14,1,716832.0,False,True,False,True,False,True,False
301,1,82.64,72.45,81.73,0,61.93,62.04,1,213458.0,True,True,True,False,False,True,True
252,0,72.01,67.89,66.63,1,71.43,64.21,0,0.0,False,False,True,False,False,True,True
193,1,68.49,63.28,65.91,0,65.83,58.32,1,232615.0,True,True,True,False,False,True,True
373,1,78.06,82.69,74.69,0,56.02,63.5,1,260140.0,False,True,True,False,False,True,False
745,1,81.65,77.53,72.33,1,96.13,65.31,1,248631.0,False,True,True,False,False,False,False
289,0,59.3,62.58,71.88,1,59.59,61.3,1,217609.0,True,True,True,False,False,False,False
293,1,73.7,73.6,76.01,1,71.02,66.68,1,269364.0,False,False,True,False,False,False,True
554,0,57.63,47.92,50.69,0,81.85,54.63,0,0.0,True,False,True,False,False,False,False
520,1,77.0,66.67,57.6,0,90.18,56.21,1,315472.0,True,True,True,False,False,False,True
389,1,64.16,57.44,57.97,1,66.72,63.36,1,200000.0,True,True,True,False,False,False,True
365,0,71.4,86.85,67.55,0,54.63,65.65,1,217609.0,False,False,True,False,False,False,False
398,1,44.03,47.52,66.1,1,61.54,53.27,0,0.0,False,True,True,False,False,False,False
830,1,61.2,75.96,63.26,0,80.97,58.38,1,200000.0,False,False,True,False,True,False,False
464,1,77.08,76.63,59.91,1,67.78,60.98,1,275966.0,False,True,True,False,False,False,True
886,1,56.23,63.22,58.92,0,81.78,75.23,0,0.0,False,True,False,True,False,False,True
512,1,53.67,57.88,55.01,0,93.58,56.1,1,200000.0,False,False,False,False,False,False,True
281,0,71.85,68.52,68.09,0,58.78,66.61,1,258895.0,True,True,False,True,False,False,False
774,0,62.03,59.57,60.16,0,55.09,55.27,1,221173.0,True,True,True,False,False,False,False
14,0,76.9,59.33,69.48,0,57.19,53.07,1,200000.0,True,True,True,False,False,False,True
630,0,60.95,66.74,72.88,0,58.78,54.51,0,0.0,False,False,True,False,False,False,False
318,0,74.02,82.49,76.11,0,51.66,58.32,1,307134.0,False,False,True,False,False,False,False
984,1,70.06,58.97,71.96,0,90.87,73.1,1,290383.0,True,True,True,False,False,False,True
71,1,63.43,54.98,55.58,0,53.03,51.71,1,200000.0,False,True,True,False,False,False,True
442,1,84.94,91.75,73.71,1,98.0,74.06,1,419960.0,True,True,True,False,False,False,True
205,1,79.99,78.44,72.34,1,71.72,67.54,1,351663.0,False,False,False,False,False,False,False
776,1,67.06,70.86,72.54,0,92.98,72.18,1,264003.0,False,True,False,True,False,True,True
195,1,59.81,65.81,60.13,0,51.7,52.71,1,239460.0,True,True,True,False,True,False,True
187,0,74.49,68.5,69.85,1,70.52,60.56,1,261919.0,True,True,False,True,False,False,False
190,1,62.22,62.19,61.47,0,72.62,58.07,1,267393.0,True,True,False,True,False,False,True
309,1,82.23,77.22,66.93,1,60.91,61.0,1,251865.0,True,False,True,False,False,False,False
534,1,51.53,40.16,57.06,1,50.0,55.01,0,0.0,False,True,False,True,False,False,True
400,1,47.66,58.77,54.08,0,50.0,51.21,1,277889.0,False,True,False,True,True,False,True
161,1,62.68,60.98,66.07,0,70.0,56.11,0,0.0,False,True,True,False,False,False,False
694,0,56.49,42.39,54.1,0,60.91,55.52,0,0.0,False,False,False,True,False,False,False
408,1,64.02,67.34,59.62,1,67.72,57.99,1,203742.0,False,False,False,True,False,False,True
459,1,62.8,67.71,65.33,0,75.51,63.2,1,323806.0,False,True,False,True,False,False,False
672,1,57.4,61.23,70.95,1,56.83,58.51,1,362549.0,True,True,False,True,False,False,True
892,1,83.31,62.31,70.46,1,94.6,65.29,1,403096.0,False,False,False,False,False,True,True
958,0,60.82,47.78,59.9,0,78.77,63.1,1,217609.0,True,False,False,True,False,False,True
276,1,58.44,72.58,67.03,1,73.69,62.37,1,369316.0,False,True,True,False,True,False,True
607,1,48.33,65.65,53.5,0,69.75,69.45,0,0.0,True,True,False,True,False,False,True
739,1,69.15,67.59,80.66,1,56.13,72.48,1,276039.0,True,True,False,False,False,True,False
775,0,86.83,69.25,68.54,1,93.99,67.55,1,372380.0,True,False,False,True,False,False,False
291,1,44.81,53.95,61.61,0,93.28,54.46,1,200000.0,False,False,True,False,False,False,False
529,1,48.15,57.54,64.44,1,55.14,58.03,0,0.0,True,True,True,False,True,False,True
416,1,66.99,68.04,75.4,0,77.98,54.94,1,254979.0,True,False,True,False,False,False,True
777,0,75.63,58.3,85.18,0,71.63,68.2,1,228595.0,True,True,False,True,False,True,False
907,1,50.83,48.99,66.19,0,53.72,61.22,1,217609.0,False,True,False,True,False,False,False
328,0,82.01,72.61,62.81,0,87.31,67.34,1,364743.0,False,False,True,False,False,False,False
363,1,79.07,67.42,69.53,1,94.96,55.58,1,258415.0,True,False,False,True,False,True,True
481,0,81.32,73.46,77.1,1,80.93,66.1,1,369387.0,True,True,True,False,False,False,False
86,1,82.08,73.84,62.32,0,60.49,55.69,1,303955.0,False,False,False,True,False,True,True
973,0,60.56,50.53,68.04,0,59.08,57.7,1,200000.0,True,True,False,True,False,False,False
640,1,74.27,61.01,73.79,0,90.0,62.9,1,380718.0,True,False,True,False,False,False,False
629,1,78.5,66.62,72.14,0,87.85,68.81,1,246073.0,True,True,False,True,False,False,True
311,1,69.86,65.27,65.59,0,91.19,64.5,1,317758.0,False,True,True,False,False,False,False
563,1,70.45,58.01,66.01,0,73.0,56.06,1,200000.0,True,True,True,False,False,False,False
380,1,65.25,64.35,72.63,1,80.55,62.67,1,217609.0,False,False,True,False,False,True,False
218,1,67.43,78.53,79.09,0,92.2,66.89,1,238118.0,True,True,True,False,False,False,True
750,1,50.24,67.22,68.45,0,69.63,65.24,1,200000.0,False,False,True,False,False,False,False
383,1,76.27,68.87,72.02,0,92.9,59.36,1,200000.0,False,False,True,False,False,False,False
48,1,68.75,74.48,62.59,1,54.97,65.05,1,327930.0,False,True,True,False,False,False,True
113,1,48.97,41.05,53.97,0,88.83,67.12,0,0.0,True,True,True,False,False,False,True
701,1,71.6,63.24,69.76,1,83.17,55.42,1,218551.0,False,False,True,False,False,True,False
515,1,50.81,66.22,51.24,0,72.42,60.51,0,0.0,False,True,True,False,False,False,True
511,0,78.6,58.8,74.99,0,97.02,67.63,1,200000.0,True,True,False,True,False,False,True
715,1,72.65,67.5,72.32,0,52.63,64.23,1,200000.0,False,True,False,True,False,True,True
998,0,56.57,66.04,58.03,0,70.85,58.22,0,0.0,False,False,True,False,False,False,False
85,1,83.52,56.78,71.94,1,62.42,65.4,0,0.0,True,False,False,True,False,True,True
229,1,62.32,58.21,62.46,1,56.24,59.99,1,217609.0,False,True,True,False,False,False,True
922,1,56.53,62.37,79.19,0,70.92,60.97,1,286477.0,True,True,True,False,False,False,False
920,1,77.54,75.26,81.32,1,94.4,68.73,1,367673.0,False,True,False,True,False,True,True
433,1,51.43,65.38,62.18,0,63.19,58.81,0,0.0,False,True,False,True,False,False,True
338,1,68.38,69.4,65.38,0,88.16,62.49,0,0.0,True,True,False,True,False,False,True
473,0,80.78,77.65,70.46,0,86.76,72.58,0,0.0,True,True,True,False,False,False,False
138,1,79.26,74.65,57.83,0,67.82,58.97,1,372751.0,True,True,True,False,False,False,False
437,0,63.23,58.03,64.23,0,67.14,55.39,0,0.0,False,True,False,True,False,False,True
708,0,67.03,75.04,68.24,0,69.57,71.51,0,0.0,False,False,True,False,False,False,True
136,1,58.02,63.14,55.03,0,50.07,55.79,1,234708.0,False,True,False,True,False,False,True
947,1,50.3,70.56,64.4,0,50.93,55.93,0,0.0,False,True,False,True,False,False,False
401,0,66.14,88.27,64.09,1,72.84,67.23,1,200000.0,False,True,False,True,False,False,True
236,1,53.29,49.92,63.14,0,91.26,54.75,0,0.0,True,False,False,True,False,False,True
666,1,70.71,77.83,77.27,1,88.58,70.45,1,337322.0,False,False,True,False,False,False,False
992,1,49.76,49.69,62.75,0,69.66,53.56,1,286200.0,False,True,True,False,False,False,True
310,0,71.23,68.3,64.69,1,55.27,73.74,0,0.0,True,True,True,False,False,False,False
238,1,42.24,41.31,57.15,1,68.55,51.21,0,0.0,False,True,False,True,False,True,True
41,1,68.01,40.8,65.54,1,77.89,61.97,0,0.0,True,True,True,False,False,False,False
9,1,66.38,69.09,64.11,1,57.77,57.81,1,504772.0,True,True,False,True,False,False,True
325,1,78.43,60.89,73.78,0,89.26,63.23,1,200000.0,False,False,False,False,False,True,False
109,1,78.1,61.3,62.43,0,62.68,60.78,1,310011.0,True,True,True,False,False,False,False
587,0,71.7,61.61,67.07,0,58.92,56.21,1,200000.0,False,False,True,False,False,False,False
623,1,61.48,56.92,67.35,0,52.77,54.62,1,211438.0,True,True,True,False,False,False,True
797,1,63.29,57.89,65.12,0,64.77,60.44,0,0.0,False,True,False,False,False,True,True
589,0,73.8,70.81,73.04,0,50.0,56.67,1,337291.0,False,False,True,False,False,False,True
538,1,56.23,60.3,67.85,0,50.0,56.88,1,295078.0,False,False,True,False,False,False,True
146,1,59.02,62.92,62.56,0,79.81,64.86,0,0.0,False,False,True,False,False,False,True
762,1,75.77,68.65,74.49,0,63.18,61.06,0,0.0,True,False,True,False,False,False,True
298,0,71.94,73.93,72.96,1,75.42,58.1,1,270714.0,False,False,False,True,False,False,False
814,0,78.92,65.4,65.92,0,56.76,61.4,1,294828.0,True,True,True,False,False,False,True
617,0,40.89,46.35,55.96,1,69.22,57.73,0,0.0,False,False,False,True,True,False,True
796,0,81.02,60.58,68.69,0,71.74,70.2,1,364174.0,False,True,False,True,False,False,True
729,1,61.07,65.58,62.31,0,76.83,62.87,0,0.0,True,True,False,True,False,False,False
500,1,54.02,59.17,62.61,1,60.23,67.14,0,0.0,False,False,False,True,False,False,False
572,0,65.66,67.86,62.16,0,78.78,63.17,1,200000.0,True,True,True,False,False,False,False
340,1,87.81,57.68,71.22,0,60.59,57.8,1,250663.0,True,True,True,False,False,False,False
883,1,53.36,49.06,55.64,1,68.9,65.08,0,0.0,True,True,True,False,False,False,False
927,1,59.18,63.81,65.83,0,66.94,58.27,1,309587.0,False,True,True,False,False,True,False
492,1,85.07,73.79,71.11,0,77.65,69.94,1,372475.0,True,True,True,False,False,False,False
168,0,76.4,62.9,67.92,1,66.02,64.29,1,293595.0,True,True,True,False,False,True,False
915,1,78.5,70.16,75.48,0,62.62,61.97,1,334558.0,True,False,True,False,False,False,False
626,1,76.87,56.82,62.01,0,58.73,59.13,1,200000.0,False,False,False,True,False,True,True
999,1,59.27,68.28,69.87,0,51.68,56.54,1,226194.0,True,True,True,False,False,False,False
820,1,64.31,53.31,65.25,0,67.99,66.8,1,224335.0,False,True,False,True,False,False,False
132,1,59.57,48.37,56.24,0,59.48,51.21,1,200000.0,True,True,False,True,False,False,True
809,1,84.86,67.41,74.34,0,68.35,62.98,1,206609.0,True,True,False,True,False,True,False
671,1,59.52,77.7,74.46,0,75.16,70.25,1,200000.0,True,False,True,False,False,False,False
606,1,68.49,72.99,66.22,0,76.35,70.21,1,297646.0,False,True,True,False,False,False,True
689,1,68.13,56.74,66.84,0,62.21,63.63,0,0.0,True,True,True,False,False,True,True
674,1,63.8,72.66,57.6,0,80.5,63.44,0,0.0,False,True,True,False,True,False,False
264,1,60.3,60.37,72.58,0,89.64,55.1,0,0.0,False,True,True,False,False,False,False
25,1,65.63,58.37,63.75,0,60.03,68.74,1,284081.0,True,True,False,True,False,False,True
795,1,83.81,96.48,71.31,0,61.82,70.17,1,331475.0,True,True,True,False,False,False,False
713,0,80.58,90.11,75.95,0,78.31,63.49,1,304303.0,False,True,True,False,False,False,True
100,1,59.25,61.75,69.81,0,55.46,64.9,0,0.0,False,False,True,False,False,False,False
156,1,76.24,76.16,66.29,1,80.76,62.22,1,344169.0,False,False,True,False,False,False,False
182,1,71.67,75.36,72.63,0,72.87,59.01,1,304592.0,False,True,False,True,False,True,False
731,0,63.97,73.17,67.41,0,74.04,66.82,1,229909.0,False,True,False,True,False,False,True
452,0,83.98,86.64,76.21,1,65.85,62.99,1,377744.0,True,True,True,False,False,False,True
658,1,50.98,49.97,71.59,0,90.34,62.05,0,0.0,False,True,True,False,False,False,True
222,1,76.17,63.18,66.66,1,64.29,59.39,1,228634.0,True,True,True,False,False,False,True
648,0,72.94,63.58,67.07,0,63.98,66.75,1,301382.0,True,True,False,True,False,False,False
664,0,69.34,71.88,65.87,0,82.52,69.3,0,0.0,True,True,True,False,False,False,False
704,1,76.22,69.23,68.79,0,87.52,55.44,1,380323.0,False,False,True,False,False,False,False
872,1,78.21,97.7,79.17,0,94.22,67.74,1,292946.0,False,True,True,False,False,False,False
846,1,45.6,46.94,50.77,0,51.6,51.21,1,217609.0,True,False,False,True,False,False,True
160,1,60.16,74.83,61.74,1,66.22,59.59,1,200000.0,False,False,False,True,False,False,True
317,0,63.23,77.26,63.47,1,91.07,56.04,1,203600.0,False,False,False,True,False,False,False
119,1,75.21,60.88,65.92,0,53.14,59.05,1,253252.0,True,False,False,True,False,True,True
639,0,64.58,76.92,63.06,1,69.11,64.77,0,0.0,False,False,True,False,False,False,True
461,1,68.76,77.19,69.49,0,71.86,70.11,1,200000.0,False,False,False,True,False,False,True
162,1,77.61,73.85,75.97,1,77.25,75.93,1,200000.0,False,False,True,False,False,False,False
724,1,81.79,80.97,71.38,0,78.84,64.66,1,238145.0,True,True,False,True,False,False,False
866,0,57.24,63.08,60.9,0,74.19,60.62,1,200000.0,True,True,False,True,False,False,True
346,0,73.37,53.53,67.2,0,61.23,64.65,1,200000.0,False,False,True,False,False,False,False
359,1,53.21,51.93,56.08,0,72.4,72.23,0,0.0,False,True,True,False,False,True,True
670,1,53.7,62.34,65.71,0,76.97,72.42,0,0.0,False,True,False,True,False,False,False
716,1,53.3,43.84,65.56,1,64.55,59.4,1,245477.0,True,True,True,False,False,False,True
580,1,54.53,60.67,59.2,0,52.48,59.04,1,217609.0,True,False,True,False,False,False,False
443,1,68.39,71.36,72.2,1,89.96,63.59,1,311202.0,False,False,True,False,False,False,True
382,0,54.12,66.4,63.38,1,57.96,59.38,1,243587.0,False,True,False,True,False,False,True
230,1,73.37,65.82,61.05,0,53.09,58.53,1,200000.0,True,True,False,True,False,False,False
758,0,80.2,65.59,69.47,1,84.17,61.55,1,267353.0,False,True,True,False,False,False,True
50,1,74.75,62.57,69.87,1,62.0,56.26,1,269486.0,True,True,False,True,False,False,True
688,0,58.84,55.67,54.24,0,92.39,51.83,1,217609.0,False,True,False,True,False,False,True
247,1,47.7,62.0,58.35,0,50.0,56.04,1,283936.0,False,True,False,True,False,False,True
550,1,62.68,67.94,57.59,0,88.46,66.59,0,0.0,True,True,False,True,False,False,True
620,1,89.35,68.91,63.31,1,57.95,62.97,1,519285.0,True,True,True,False,False,False,False
202,0,55.88,47.94,65.16,0,86.61,60.75,0,0.0,False,False,False,True,False,False,True
234,1,68.42,51.51,73.13,0,58.51,54.25,1,321530.0,False,True,False,False,False,True,True
107,1,89.34,68.17,58.44,0,88.4,77.89,1,344276.0,True,True,True,False,False,False,True
849,1,57.22,52.6,64.2,0,54.21,51.29,1,200000.0,False,False,False,True,False,True,True
924,1,53.02,63.24,64.46,0,96.56,56.47,0,0.0,False,True,False,True,False,False,False
24,1,58.9,70.57,54.28,0,54.83,54.1,1,200000.0,False,False,True,False,False,False,False
837,0,46.17,46.06,61.09,0,75.69,60.48,1,217609.0,False,True,True,False,False,False,False
810,1,82.2,69.98,73.09,0,96.01,66.12,1,351118.0,True,True,False,True,False,True,True
971,1,42.69,63.33,62.45,0,82.58,51.21,1,200000.0,False,True,True,False,False,False,False
134,1,55.9,56.98,62.13,0,61.31,62.74,0,0.0,True,True,True,False,False,False,False
720,1,60.88,61.75,54.86,0,58.51,58.85,1,223592.0,True,False,True,False,False,False,True
440,0,51.59,60.63,56.86,0,87.74,74.69,0,0.0,True,True,False,True,False,False,False
933,1,79.73,62.5,74.01,0,89.04,63.53,1,317192.0,False,True,False,True,False,False,False
705,1,69.81,60.68,63.98,0,55.59,61.87,0,0.0,False,True,False,False,False,False,False
644,1,76.53,69.61,71.92,1,71.92,70.39,1,237187.0,False,True,False,True,False,True,False
174,1,60.82,69.8,67.28,1,71.32,69.55,1,200000.0,True,False,True,False,False,False,False
963,0,65.0,59.91,65.52,0,90.57,63.48,1,217609.0,True,False,True,False,False,False,False
124,1,52.79,59.5,60.42,1,86.4,59.4,0,0.0,False,True,False,True,False,False,False
469,1,52.42,59.85,53.75,0,77.39,69.95,0,0.0,True,False,False,False,False,False,False
896,1,77.09,78.39,78.51,1,81.7,64.23,1,390738.0,True,True,False,True,False,True,True
570,1,66.95,67.7,61.8,1,69.83,73.09,0,0.0,False,True,False,True,False,True,False
912,1,63.88,57.35,72.4,0,58.4,56.34,1,230939.0,False,False,True,False,False,False,True
436,0,71.56,56.3,67.48,1,71.74,59.42,1,331646.0,True,True,True,False,False,False,False
285,1,86.58,92.72,76.42,1,62.9,70.86,1,590081.0,True,True,True,False,False,True,False
114,0,51.8,45.2,66.18,1,84.78,68.42,1,217609.0,False,True,False,True,False,True,False
929,0,68.83,65.45,63.05,1,90.94,73.37,1,200000.0,False,False,True,False,False,False,True
128,0,81.91,45.36,63.55,0,77.28,52.47,1,218442.0,True,True,True,False,False,False,False
695,1,70.74,59.05,70.61,0,69.96,61.14,1,429691.0,False,False,False,True,False,True,True
857,1,71.27,77.87,52.26,0,53.54,71.8,1,200000.0,False,False,True,False,False,False,False
411,0,44.78,60.76,59.84,0,60.21,52.65,1,211754.0,False,True,False,True,False,False,False
876,1,82.18,72.35,63.47,1,66.8,74.07,1,375779.0,False,False,True,False,False,False,True
902,1,66.04,62.91,64.52,0,63.84,71.99,1,217609.0,False,False,True,False,False,False,True
823,1,56.88,63.86,63.37,1,73.81,53.84,1,258072.0,True,True,False,True,False,False,False
844,1,89.4,78.88,87.28,1,98.0,57.28,1,685207.0,True,True,False,True,False,False,False
850,1,48.73,57.16,52.87,0,74.88,52.55,1,225986.0,False,True,True,False,False,True,True
55,1,66.46,58.36,70.37,0,85.36,59.03,1,344980.0,False,False,True,False,False,False,True
879,0,62.33,79.1,59.96,1,58.42,67.71,1,217609.0,True,True,True,False,False,True,False
449,1,59.37,37.81,50.0,0,92.74,51.21,1,214494.0,False,False,False,True,False,False,False
517,1,85.21,64.52,76.43,1,72.75,71.22,1,522182.0,True,True,True,False,False,True,True
897,1,64.41,67.25,50.0,0,62.42,61.28,0,0.0,True,False,True,False,True,False,True
42,0,49.18,48.47,52.06,0,73.94,59.27,1,200000.0,False,True,True,False,False,False,True
67,1,48.43,51.89,55.88,0,55.66,63.57,0,0.0,False,True,False,True,False,False,False
834,1,57.36,62.57,50.22,1,98.0,59.87,0,0.0,False,True,True,False,False,False,False
112,1,81.28,54.23,72.7,0,75.89,63.06,1,256554.0,True,True,True,False,False,True,False
406,0,69.19,77.06,68.62,0,80.92,75.39,1,299087.0,True,True,False,False,False,True,False
13,1,83.5,69.15,84.94,0,79.62,62.69,1,223890.0,True,False,True,False,False,False,False
717,1,71.27,81.69,69.3,0,55.8,57.03,1,450411.0,False,True,True,False,False,True,False
254,1,58.27,62.29,52.43,0,79.99,65.24,0,0.0,False,False,True,False,False,False,True
679,0,46.29,50.95,64.51,1,56.86,73.52,1,217609.0,False,False,True,False,False,False,True
197,0,66.47,75.27,70.0,1,55.34,71.56,1,243563.0,True,True,False,True,False,False,False
279,1,64.93,63.37,66.96,1,84.44,56.4,0,0.0,True,True,False,True,False,True,True
227,1,58.8,54.7,60.56,1,57.72,62.66,1,200000.0,True,True,False,True,False,False,False
977,1,79.28,70.62,65.44,0,72.72,62.92,1,262202.0,True,False,True,False,False,True,True
404,1,48.67,61.89,54.52,0,79.2,59.6,0,0.0,True,True,False,True,False,False,False
142,0,54.09,48.52,58.55,0,56.48,63.12,1,217609.0,False,False,False,True,False,False,True
344,1,56.19,54.04,50.21,0,53.95,51.21,0,0.0,False,True,False,True,False,False,True
397,0,68.18,63.04,67.94,1,76.92,68.48,1,200000.0,True,True,False,True,False,False,False
594,0,68.56,75.18,60.22,0,52.53,70.18,1,200000.0,False,True,True,False,False,False,True
121,1,84.99,76.68,80.7,1,94.54,66.17,1,424748.0,False,True,True,False,False,False,False
744,1,71.64,62.7,59.18,1,86.58,63.42,0,0.0,False,True,True,False,False,False,False
678,1,50.41,61.83,50.51,0,68.73,54.26,0,0.0,True,True,True,False,False,False,True
184,0,89.36,76.97,76.36,1,83.79,64.29,1,200000.0,True,True,False,True,False,True,False
428,0,68.77,58.92,65.82,0,71.1,68.4,1,235927.0,True,True,False,True,False,False,True
349,1,57.33,69.13,58.13,0,83.14,53.33,0,0.0,False,True,False,True,True,False,True
431,1,76.63,65.72,71.83,0,77.93,55.92,1,295054.0,True,False,False,True,False,True,False
284,0,89.4,68.77,82.48,1,50.43,64.33,1,503629.0,True,True,True,False,False,True,False
593,0,65.55,66.89,66.88,1,87.05,69.75,1,343293.0,True,True,True,False,False,True,True
356,1,74.91,81.07,83.67,1,88.91,60.32,1,314826.0,True,False,True,False,False,False,False
811,1,80.69,63.12,71.29,0,83.81,68.66,1,217609.0,False,True,True,False,False,False,True
507,1,69.25,72.97,63.6,1,88.53,63.67,1,278196.0,True,True,True,False,False,False,False
611,1,69.07,81.41,67.72,1,64.65,56.45,1,243779.0,False,True,True,False,False,False,True
918,1,61.97,66.52,70.38,1,64.49,63.1,0,0.0,False,False,False,True,False,False,False
165,1,55.65,59.46,69.65,1,82.84,57.64,1,257744.0,False,True,False,True,False,False,False
656,0,67.59,64.58,63.65,0,56.16,62.13,0,0.0,True,True,True,False,False,False,False
804,1,61.61,73.04,56.84,1,64.25,55.98,0,0.0,True,True,False,True,False,False,False
978,1,56.5,70.75,64.87,0,76.48,58.64,1,331088.0,False,False,True,False,False,False,False
686,1,79.37,62.23,66.86,0,70.36,65.29,1,200000.0,True,True,True,False,False,False,False
210,1,73.94,54.58,69.56,0,89.37,61.28,1,268666.0,True,True,False,True,False,True,False
82,0,49.6,49.7,51.01,0,73.67,57.66,1,217609.0,True,True,False,True,True,False,True
446,1,64.13,58.15,70.03,0,89.91,58.94,0,0.0,True,True,True,False,False,False,False
847,0,70.64,73.1,63.84,0,77.86,59.75,1,311483.0,False,False,False,True,False,False,True
780,1,78.97,78.74,75.22,1,78.95,65.01,1,393714.0,True,True,True,False,False,False,False
663,0,68.54,79.15,77.83,0,87.88,60.86,1,288364.0,True,True,True,False,False,False,True
759,0,76.96,91.58,65.59,1,95.24,61.84,1,329317.0,False,True,True,False,False,False,False
173,0,80.1,75.85,80.46,0,76.3,74.2,1,405325.0,False,True,False,True,False,True,True
430,1,65.34,62.89,51.75,0,76.06,51.64,1,200000.0,False,False,False,True,False,True,True
116,1,66.03,56.73,59.34,0,50.0,52.9,1,217609.0,False,True,True,False,False,False,False
214,1,58.74,61.48,68.52,0,67.8,61.56,1,200000.0,True,True,True,False,False,False,True
707,1,52.16,56.8,63.81,0,59.73,58.24,1,200000.0,False,False,True,False,False,False,False
474,1,68.57,69.82,84.28,0,56.91,59.82,1,339209.0,False,False,False,True,False,False,False
360,1,50.98,55.55,58.5,0,69.64,67.88,1,200000.0,False,True,True,False,True,False,False
308,0,60.02,59.99,69.04,0,66.14,56.01,1,200000.0,False,True,False,True,False,False,False
987,1,64.64,75.28,67.82,0,73.08,57.9,1,217578.0,True,False,True,False,False,False,False
961,0,79.64,59.34,69.13,0,50.95,59.6,1,290622.0,True,True,False,True,False,False,True
914,0,66.45,57.4,71.53,1,74.06,62.2,1,200000.0,False,True,False,True,False,False,True
56,1,76.51,67.15,69.62,1,79.82,54.45,1,320079.0,True,True,True,False,False,False,False
616,1,80.23,93.66,71.43,1,98.0,73.75,1,331860.0,True,True,True,False,False,False,False
792,1,77.99,91.11,73.28,1,61.34,72.11,1,315123.0,True,True,False,False,False,False,False
388,1,75.05,58.55,57.81,0,73.64,61.65,0,0.0,True,True,False,False,False,True,True
546,1,53.67,59.0,63.51,0,71.08,58.87,1,227497.0,False,False,True,False,True,False,True
260,1,58.13,66.08,59.71,0,54.25,51.91,0,0.0,False,True,True,False,False,False,True
712,1,49.66,48.06,64.75,0,58.71,60.79,1,290753.0,False,True,True,False,False,False,True
938,0,63.72,40.14,60.61,0,58.26,60.68,1,217609.0,True,True,False,True,False,False,True
26,1,89.4,61.2,65.5,0,81.79,66.12,1,236627.0,True,True,False,True,False,True,False
859,0,79.16,73.13,69.32,0,69.38,67.74,1,357925.0,False,False,False,True,False,False,True
361,0,61.15,62.8,69.59,0,87.27,66.86,1,217609.0,False,False,True,False,False,False,False
209,1,77.59,90.42,63.9,0,50.41,58.47,1,254572.0,False,False,False,True,False,True,True
140,0,68.27,67.66,60.79,1,66.73,67.35,0,0.0,True,False,False,True,False,True,False
448,1,70.5,53.23,64.87,1,87.8,54.69,1,200000.0,True,True,False,False,False,False,False
793,0,63.52,74.96,69.34,1,81.98,66.89,1,347203.0,False,False,True,False,True,False,False
423,0,64.16,75.83,61.81,0,55.16,58.32,1,324733.0,True,True,True,False,True,False,True
402,1,79.35,87.07,58.22,0,68.77,58.03,1,286720.0,False,False,True,False,False,False,True
52,0,64.24,52.27,53.62,1,76.36,68.01,1,200000.0,False,True,False,True,False,True,True
219,1,72.35,74.85,69.69,1,76.85,72.48,1,315565.0,True,True,True,False,False,False,False
661,1,83.48,77.19,72.37,1,51.24,61.28,1,257962.0,True,False,False,True,False,False,False
980,0,78.35,74.36,70.76,1,92.57,71.26,0,0.0,True,True,False,True,False,True,False
40,1,77.02,78.23,75.16,1,89.71,68.7,1,712650.0,True,False,True,False,False,False,False
699,1,82.14,74.34,66.96,1,58.7,56.94,1,271867.0,False,True,True,False,False,False,False
137,1,61.71,66.77,72.58,0,92.81,73.1,1,336332.0,True,True,True,False,False,True,True
622,1,66.56,64.61,72.68,0,59.96,60.82,1,200000.0,False,True,True,False,False,True,False
665,1,62.63,88.06,69.95,1,92.11,54.34,1,410513.0,False,False,True,False,False,False,True
455,1,70.44,67.96,68.25,1,56.88,61.1,1,200000.0,True,True,True,False,False,True,True
246,1,60.86,62.56,53.62,1,73.43,61.55,1,318519.0,False,True,True,False,True,False,False
544,1,48.04,51.3,55.42,0,67.46,62.94,1,285543.0,True,True,False,True,False,False,True
692,1,61.13,51.42,58.63,1,53.81,55.73,0,0.0,False,True,True,False,False,True,False
635,1,59.1,70.93,57.08,1,76.46,56.27,1,311069.0,False,False,False,True,False,False,False
848,1,74.22,62.31,71.9,1,91.51,58.5,1,334555.0,True,True,False,True,False,False,False
315,1,67.3,73.71,70.65,1,75.99,66.37,1,314087.0,True,True,True,False,False,False,False
108,1,57.36,62.83,55.33,1,61.43,60.7,0,0.0,True,True,False,True,False,False,False
836,0,69.48,66.6,70.26,1,69.62,64.47,1,428767.0,True,True,False,False,False,False,False
175,1,83.76,72.8,73.69,0,87.94,56.48,1,200000.0,False,True,True,False,False,False,False
399,1,69.24,66.34,68.85,0,77.57,59.23,1,305764.0,True,True,True,False,False,False,True
64,1,47.09,37.0,56.26,0,57.59,53.45,0,0.0,False,False,False,False,False,False,True
290,1,79.85,76.87,76.8,0,95.57,75.95,0,0.0,True,True,True,False,False,False,False
509,0,79.12,65.45,66.96,0,55.62,68.9,1,200000.0,False,False,False,True,False,False,False
860,1,76.39,71.85,69.82,1,74.18,66.14,1,262357.0,False,False,False,True,False,True,True
669,1,75.55,65.37,68.69,0,98.0,70.78,1,299905.0,False,False,False,True,False,False,True
710,1,73.7,78.8,76.58,0,90.77,58.97,1,368497.0,True,True,True,False,False,False,True
941,1,68.42,47.32,75.29,0,72.49,53.43,0,0.0,False,True,False,True,False,False,False
555,1,59.19,69.61,69.75,0,65.41,66.33,1,321135.0,False,True,True,False,False,False,False
502,0,74.47,76.3,70.32,0,58.76,59.67,1,200000.0,False,False,False,True,True,False,True
732,1,79.31,55.14,71.14,0,94.57,57.8,1,200000.0,True,True,False,True,False,False,True
269,0,48.25,61.56,62.56,0,59.77,54.01,1,200000.0,False,True,False,True,False,False,True
65,0,59.97,54.43,54.14,0,54.26,60.17,0,0.0,True,False,True,False,False,False,True
245,0,82.42,76.27,61.38,0,69.13,64.92,1,297715.0,False,False,False,True,False,False,True
706,0,70.78,74.83,70.09,0,79.65,65.32,1,200000.0,False,True,True,False,False,False,False
368,1,52.87,55.65,63.84,0,54.64,56.9,0,0.0,True,True,False,True,False,False,False
526,1,65.65,57.76,61.92,1,75.57,70.39,0,0.0,False,False,True,False,False,False,True
505,1,49.96,63.29,67.67,0,73.89,52.94,1,200000.0,False,True,True,False,False,False,True
991,1,58.47,71.98,66.77,0,50.0,69.82,0,0.0,False,False,True,False,False,False,False
381,1,87.41,88.93,81.52,0,71.57,73.66,1,310787.0,False,True,True,False,False,True,False
257,1,72.06,81.52,66.67,1,96.79,72.86,1,301208.0,False,True,False,True,False,False,True
825,1,72.83,91.1,63.95,1,65.95,60.42,1,308634.0,True,True,True,False,False,False,False
764,1,81.72,64.47,84.64,0,58.16,65.67,1,200000.0,True,True,False,True,False,False,False
31,1,89.4,78.22,73.63,1,72.33,63.45,1,266640.0,False,True,False,False,False,True,True
367,0,57.85,67.76,63.43,1,91.67,63.75,1,217609.0,False,True,False,True,False,False,False
249,1,73.28,59.9,77.26,0,71.21,61.84,1,309968.0,True,True,True,False,False,False,False
681,1,73.56,54.54,55.23,0,50.87,57.91,1,237309.0,True,True,True,False,True,False,False
874,0,68.7,63.89,72.22,1,60.81,64.27,1,264304.0,True,True,False,False,False,True,False
597,1,56.85,65.09,63.91,0,73.22,70.02,1,200000.0,False,False,False,True,False,False,False
581,0,65.61,83.18,65.49,0,60.49,68.22,1,248344.0,True,True,True,False,False,False,True
693,1,54.33,54.97,63.13,0,55.31,59.19,1,200000.0,True,True,True,False,False,False,True
72,1,72.41,71.75,88.48,1,87.16,69.96,0,0.0,False,True,False,False,False,True,False
203,0,82.87,64.37,62.78,1,66.7,72.33,1,200000.0,False,False,False,True,False,False,False
899,1,73.87,71.74,72.77,1,91.34,70.37,1,242843.0,False,True,False,True,False,False,True
470,1,55.99,58.02,63.36,1,83.24,67.01,0,0.0,False,True,False,True,False,False,False
651,1,75.16,54.31,70.49,0,54.82,56.2,1,200000.0,False,True,False,True,False,False,False
816,1,43.59,68.66,61.6,0,54.24,62.26,1,233262.0,False,False,True,False,False,False,False
457,1,68.53,57.88,70.17,0,67.56,60.16,0,0.0,True,True,True,False,True,False,True
97,1,68.77,65.6,65.26,0,98.0,59.19,1,200000.0,True,True,False,True,False,False,True
391,1,73.43,67.87,80.12,1,92.05,62.02,1,220355.0,True,True,True,False,False,True,False
711,1,42.32,41.8,60.81,0,75.84,53.93,0,0.0,False,True,False,True,False,True,False
677,1,69.19,71.81,64.3,1,70.97,65.15,0,0.0,True,True,False,True,False,False,False
535,0,63.34,69.85,63.44,0,61.89,65.75,1,200000.0,True,True,True,False,True,False,True
613,1,64.19,64.49,66.12,1,61.76,55.35,1,262511.0,False,False,True,False,False,False,True
498,1,61.41,86.25,69.74,1,69.88,73.9,1,249105.0,False,True,True,False,False,False,False
996,0,75.22,67.28,61.64,0,79.14,59.23,1,379828.0,True,True,True,False,False,False,False
506,0,83.88,77.23,68.29,1,60.67,62.53,1,372770.0,True,True,True,False,False,False,False
798,1,71.97,63.93,75.93,0,65.93,52.08,1,479491.0,False,False,True,False,False,False,True
641,1,65.35,67.57,68.59,1,55.8,56.58,1,259034.0,True,True,True,False,False,False,False
982,1,59.55,65.54,72.59,1,71.51,73.23,0,0.0,False,False,False,True,False,False,True
312,1,63.28,60.45,57.27,1,98.0,62.32,1,360821.0,True,True,False,True,False,True,True
926,0,45.8,53.56,58.34,0,57.22,59.21,1,200000.0,False,False,True,False,False,False,False
545,1,64.22,48.63,57.22,1,68.91,55.21,1,217609.0,False,False,False,True,False,False,True
604,1,65.19,71.59,65.73,0,76.2,62.5,0,0.0,False,False,False,True,False,True,True
354,0,58.94,65.44,66.2,0,50.32,54.78,1,209746.0,False,False,True,False,False,True,True
305,1,75.61,84.05,56.44,0,73.29,60.63,1,290505.0,False,True,True,False,False,False,False
320,1,72.47,69.55,70.07,0,86.95,66.59,1,288128.0,False,False,False,True,False,False,True
864,1,74.34,61.91,66.19,0,95.81,74.91,1,236229.0,True,False,True,False,False,False,False
944,1,55.89,63.72,51.35,0,67.44,65.03,0,0.0,False,False,True,False,False,False,False
425,1,66.86,66.88,68.88,1,56.83,61.73,1,200000.0,True,True,False,True,False,False,False
662,1,56.28,82.34,72.36,0,58.4,61.0,1,200000.0,True,True,False,True,False,False,False
93,1,70.06,62.44,71.17,0,77.01,67.01,1,200000.0,True,True,False,True,False,False,True
839,0,60.68,65.71,56.58,1,50.0,62.81,0,0.0,False,True,True,False,False,False,False
486,0,49.69,37.0,59.03,0,54.29,64.94,1,217609.0,True,True,False,True,False,False,True
643,1,50.02,71.65,70.02,0,71.21,63.92,1,287160.0,False,True,True,False,False,False,True
760,1,66.95,73.82,74.41,1,73.45,63.79,1,294279.0,False,False,False,True,False,False,False
756,1,55.55,61.06,52.33,0,76.42,67.34,1,276923.0,False,False,False,True,False,False,True
754,0,67.59,65.57,70.18,0,72.04,75.52,1,200000.0,True,True,True,False,False,False,False
47,0,65.15,67.63,71.2,0,55.74,65.63,1,225152.0,True,True,True,False,False,False,False
307,1,81.74,80.1,79.72,0,55.45,67.29,1,355782.0,True,True,False,True,False,False,True
475,1,78.14,62.67,62.83,0,79.24,66.26,1,200000.0,True,True,False,True,False,False,True
936,1,60.56,70.29,55.02,0,61.82,55.99,0,0.0,True,True,True,False,False,False,False
569,1,63.31,68.61,63.4,0,63.08,60.6,0,0.0,True,True,True,False,False,False,False
865,0,58.75,67.43,62.96,0,50.0,61.41,0,0.0,True,True,True,False,False,False,True
765,1,69.63,65.68,67.58,0,79.56,58.71,1,252073.0,False,False,False,True,False,True,False
736,0,82.9,63.7,77.77,0,98.0,68.56,1,340136.0,True,True,False,True,False,False,False
772,0,61.21,60.19,67.9,0,58.35,70.11,1,312375.0,True,True,False,True,False,False,False
685,1,67.64,65.48,77.33,0,73.59,65.52,1,233012.0,True,True,False,True,False,False,True
282,1,72.1,74.37,69.13,1,67.72,61.44,1,303100.0,True,False,True,False,False,False,False
60,1,69.98,58.53,66.33,1,88.91,61.82,1,326529.0,True,True,False,False,False,False,False
497,0,89.4,70.23,80.67,1,98.0,69.2,1,919941.0,False,True,False,False,False,True,False
130,1,88.48,65.82,73.12,0,82.58,66.08,1,200000.0,False,True,False,True,False,False,True
680,1,54.0,51.81,72.28,0,66.99,57.44,1,247348.0,False,False,True,False,False,False,True
458,0,68.46,69.05,69.92,0,91.45,70.66,0,0.0,False,False,False,True,False,False,False
472,1,64.1,69.23,60.17,0,68.49,72.16,0,0.0,True,True,True,False,False,True,False
427,0,80.41,66.02,76.12,0,57.92,53.75,1,520161.0,False,True,True,False,False,False,False
177,1,72.1,68.89,60.93,0,55.62,62.92,1,212631.0,False,True,True,False,False,True,True
296,0,57.18,46.41,55.64,0,61.45,57.08,1,217609.0,True,True,False,False,False,False,False
2,0,82.96,60.23,66.32,0,54.92,59.0,1,293978.0,True,True,False,True,False,False,False
17,1,54.07,42.51,62.8,0,66.33,65.41,0,0.0,True,True,True,False,False,True,False
943,1,67.16,63.46,64.24,0,77.29,67.75,1,251526.0,False,True,True,False,False,True,False
890,0,49.42,57.28,62.34,0,62.15,62.92,0,0.0,True,True,True,False,True,False,False
608,1,78.18,61.02,65.46,0,73.24,57.98,1,358664.0,False,False,True,False,False,False,False
495,0,48.91,64.24,65.77,0,51.83,61.23,0,0.0,False,True,False,True,False,True,False
471,1,71.61,65.33,66.68,0,92.84,64.62,0,0.0,False,True,False,True,False,False,False
778,1,44.11,55.22,53.93,0,59.71,68.69,0,0.0,False,True,True,False,False,False,True
586,1,77.16,69.99,56.47,1,58.37,62.68,1,260548.0,True,True,False,False,False,True,False
366,1,73.92,78.34,75.52,1,81.01,63.32,1,940000.0,True,True,True,False,False,True,False
956,1,83.42,96.58,75.1,1,91.55,61.63,1,336224.0,True,False,True,False,False,False,False
788,1,66.85,66.2,71.9,0,53.91,59.52,1,301895.0,False,False,False,True,False,False,False
441,1,67.25,62.5,69.79,0,73.75,63.4,1,200000.0,False,False,False,True,False,False,False
204,1,65.73,78.89,65.65,1,56.74,70.59,1,233372.0,True,True,False,True,False,False,True
268,1,73.7,73.03,70.56,0,62.23,54.42,1,317582.0,True,True,False,False,False,True,True
192,1,56.48,61.78,64.78,0,86.74,71.39,0,0.0,True,True,True,False,False,False,True
757,0,79.38,82.46,77.16,0,55.39,69.32,1,318999.0,True,True,True,False,False,True,True
179,0,73.0,83.19,71.53,0,61.72,67.16,1,200000.0,False,False,True,False,True,False,False
828,0,43.94,58.04,53.42,0,68.85,51.21,1,217609.0,False,False,False,True,True,False,False
900,0,67.1,67.57,89.86,0,66.47,75.08,1,273138.0,False,True,False,True,False,False,False
70,1,58.8,68.06,62.49,0,72.63,57.26,1,205887.0,False,True,True,False,False,False,False
960,1,72.32,77.5,69.97,0,80.89,57.66,1,233270.0,False,False,True,False,False,True,True
417,1,55.81,68.46,63.51,0,60.67,57.46,1,316053.0,False,False,True,False,False,True,False
840,1,86.18,70.81,91.0,0,94.28,72.01,1,322295.0,True,True,False,True,False,True,False
267,1,70.96,70.8,75.32,0,61.92,54.77,1,261200.0,True,True,False,True,False,False,True
851,1,59.02,61.94,72.16,0,62.86,68.76,0,0.0,True,True,False,True,False,True,False
601,0,40.89,52.46,50.0,1,53.0,56.6,0,0.0,True,True,False,True,False,False,True
221,1,73.09,62.95,63.25,1,80.02,53.11,1,278829.0,True,True,True,False,False,False,False
51,1,74.84,75.75,83.19,1,66.16,69.11,1,295996.0,True,True,False,True,False,False,False
149,1,49.25,59.71,55.23,0,83.69,54.6,1,217609.0,False,True,True,False,True,False,True
602,1,52.6,46.62,54.1,0,54.99,73.38,0,0.0,True,True,False,False,False,False,True
300,0,62.62,72.24,76.78,1,59.81,69.16,1,228309.0,True,False,True,False,False,False,False
906,1,58.25,60.42,67.02,0,77.87,71.08,0,0.0,True,True,True,False,False,True,False
867,1,66.06,64.15,56.52,0,77.09,57.54,1,217609.0,True,True,False,True,False,False,False
645,0,74.9,68.12,72.23,0,98.0,61.23,1,216579.0,False,False,True,False,False,False,True
852,0,63.72,76.11,78.16,0,83.25,66.76,1,274651.0,False,True,True,False,False,False,False
576,1,57.55,66.96,56.28,1,58.5,52.83,1,254178.0,False,False,True,False,False,False,True
881,1,89.4,83.87,91.0,1,97.26,75.49,1,307143.0,False,True,False,True,False,False,False
456,0,69.06,59.59,67.25,0,84.17,74.28,1,231393.0,False,False,True,False,False,False,True
415,0,65.93,76.43,67.54,0,59.3,60.19,1,273275.0,False,False,True,False,False,False,False
420,1,64.13,78.94,63.04,0,68.1,65.15,1,216078.0,False,True,True,False,False,False,False
487,1,62.05,65.02,68.14,0,88.9,59.96,1,200000.0,True,True,False,True,False,False,True
482,1,62.07,63.84,64.04,1,84.9,77.89,0,0.0,False,True,False,True,False,False,True
803,1,64.59,68.48,67.76,1,89.19,55.21,1,309103.0,False,False,True,False,False,False,True
242,1,68.36,64.03,74.29,0,68.95,56.68,0,0.0,False,False,False,True,False,False,True
392,0,78.11,71.89,72.61,0,95.0,62.86,1,200000.0,True,False,True,False,True,False,True
201,1,89.4,91.79,87.63,0,98.0,63.99,1,694190.0,False,True,False,True,False,False,False
808,1,66.08,71.59,54.77,0,70.31,54.9,1,269401.0,True,True,True,False,False,False,False
94,1,66.12,67.93,68.95,0,59.29,69.04,1,217609.0,False,True,False,True,False,True,True
770,1,88.67,77.01,67.67,0,65.81,61.78,1,341547.0,True,True,False,True,False,True,True
995,1,50.29,53.11,63.8,1,75.26,54.47,0,0.0,False,True,False,True,False,False,False
590,0,69.3,80.41,72.02,1,67.93,72.1,1,378703.0,False,True,True,False,False,False,False
426,1,54.21,64.95,71.85,1,75.19,58.1,1,217609.0,False,True,True,False,False,False,True
829,1,58.71,61.98,54.25,0,58.84,55.83,0,0.0,False,False,False,True,False,False,False
703,1,63.62,71.61,68.33,1,74.71,64.2,0,0.0,False,False,True,False,False,True,True
965,1,46.76,47.77,65.15,0,56.67,65.61,0,0.0,False,False,False,True,False,True,False
939,0,54.76,62.48,66.57,1,81.04,69.25,0,0.0,True,True,True,False,True,False,False
32,1,89.4,82.32,74.01,1,70.59,74.22,1,228716.0,False,True,True,False,False,True,False
827,1,67.15,64.22,69.28,0,51.77,60.26,1,268375.0,True,False,True,False,False,False,False
181,1,83.65,78.24,78.48,1,91.52,67.24,1,516990.0,False,False,True,False,False,False,False
299,1,62.09,69.68,54.58,0,60.0,60.47,1,242758.0,False,False,False,True,False,False,False
880,1,63.93,54.4,57.47,1,64.15,64.38,0,0.0,True,True,True,False,False,False,False
478,1,63.31,69.74,65.33,1,79.88,56.89,1,279731.0,False,True,False,True,False,True,True
462,1,84.46,88.12,75.65,1,73.48,63.17,1,342611.0,False,False,False,True,False,False,False
937,0,59.95,64.5,72.09,0,69.2,74.87,1,265074.0,False,True,True,False,False,True,False
377,1,66.22,64.53,59.91,0,88.32,55.59,1,213649.0,False,False,True,False,False,False,True
259,0,74.0,82.72,71.63,1,77.2,73.61,1,264317.0,True,True,True,False,False,False,True
782,1,62.22,54.52,65.91,1,72.5,56.08,1,200000.0,False,True,True,False,False,False,True
768,1,84.54,90.06,69.59,0,75.88,64.14,1,332389.0,True,True,True,False,False,False,False
418,1,76.7,81.49,57.36,0,98.0,67.66,0,0.0,True,True,False,True,False,False,False
76,1,62.04,62.54,62.36,1,84.28,65.18,1,316623.0,True,True,False,True,False,False,False
738,1,66.19,70.42,68.4,0,73.96,56.14,1,291709.0,True,True,True,False,False,False,False
188,1,73.29,83.16,55.52,1,98.0,58.53,0,0.0,False,True,True,False,False,False,False
579,1,52.86,75.97,61.85,0,59.29,54.93,1,200000.0,False,True,True,False,False,False,False
196,1,82.79,86.72,72.82,0,82.9,63.88,0,0.0,True,True,False,True,False,False,False
3,1,65.99,69.69,62.71,0,60.94,58.15,1,200000.0,False,False,True,False,False,False,True
557,1,69.78,74.46,64.71,0,65.87,69.64,1,243390.0,False,True,False,True,False,False,False
87,1,40.89,44.89,50.0,1,73.93,53.14,0,0.0,False,True,True,False,False,False,False
394,1,76.59,82.17,64.72,1,83.0,65.81,0,0.0,False,True,False,True,False,True,False
43,1,60.16,59.35,67.78,0,80.75,70.52,1,220944.0,False,True,True,False,False,False,False
438,1,85.04,81.26,56.16,0,79.46,56.05,1,331721.0,True,True,True,False,False,False,True
38,0,74.07,77.73,87.53,1,70.4,65.84,1,360508.0,False,False,False,True,False,True,False
303,1,75.55,71.77,74.1,1,86.1,61.35,1,260960.0,True,False,True,False,True,False,False
348,1,69.75,75.28,71.88,0,69.18,69.96,0,0.0,False,True,True,False,False,True,True
69,0,78.04,60.46,68.94,0,85.04,58.95,1,298697.0,False,False,True,False,False,False,False
642,1,76.12,74.71,84.16,0,80.43,68.05,1,331969.0,False,False,True,False,False,True,False
575,1,89.4,96.71,75.27,1,69.83,66.91,1,430990.0,True,False,True,False,False,False,False
787,1,75.57,73.26,77.46,1,51.08,70.71,0,0.0,False,True,True,False,False,False,True
445,0,62.36,61.86,67.25,0,72.73,77.89,0,0.0,True,True,False,False,False,False,False
981,1,48.96,56.52,54.52,0,63.85,51.21,1,200000.0,False,False,True,False,True,False,True
582,0,77.25,70.51,74.44,1,90.07,77.37,1,200000.0,False,False,True,False,False,True,False
374,1,76.89,91.87,71.01,1,95.86,73.85,1,282361.0,True,True,False,True,False,False,False
966,1,56.95,64.77,54.21,0,85.95,51.77,1,330661.0,False,False,True,False,False,False,False
591,0,67.65,67.12,66.11,0,77.49,62.46,0,0.0,True,True,True,False,False,False,True
176,0,66.5,63.7,66.04,1,59.37,63.75,1,200000.0,False,True,False,True,False,False,False
771,0,51.04,59.02,63.86,1,60.3,66.42,0,0.0,True,False,False,True,False,True,False
92,1,66.45,67.76,69.37,0,89.65,61.72,1,240445.0,False,True,False,True,False,False,False
386,0,68.0,75.33,70.52,0,79.64,58.48,1,200000.0,False,True,True,False,False,False,False
465,0,47.07,58.72,57.79,1,57.89,64.69,0,0.0,True,True,True,False,True,False,False
709,1,40.89,43.02,50.24,0,62.79,53.61,0,0.0,False,False,True,False,False,False,True
12,0,59.92,68.32,73.65,1,69.41,72.34,1,278959.0,False,False,True,False,False,False,True
297,0,79.77,77.38,79.24,0,98.0,72.2,1,371218.0,False,True,False,False,False,False,False
410,1,83.45,75.13,68.17,1,58.7,65.33,1,338045.0,False,False,False,True,False,True,False
752,1,62.28,64.04,65.54,0,50.0,59.85,1,200000.0,False,True,True,False,False,False,True
224,1,52.07,48.32,54.13,0,76.74,51.21,1,200000.0,False,True,True,False,False,False,False
863,1,61.4,62.84,70.86,0,81.63,60.92,1,288856.0,False,False,True,False,False,False,False
266,0,65.43,68.36,71.34,0,67.42,60.54,1,200000.0,False,True,True,False,False,False,True
54,1,85.1,81.1,71.85,1,84.23,66.6,1,252485.0,True,True,True,False,False,True,False
525,1,70.79,69.0,76.04,1,64.91,68.4,1,910965.0,False,True,False,True,False,False,False
684,1,68.44,67.29,63.82,0,61.17,68.35,0,0.0,False,True,False,False,False,False,True
347,0,62.34,69.98,73.5,1,58.98,64.8,0,0.0,False,True,False,True,False,True,True
542,0,76.43,64.43,70.62,0,71.42,63.67,1,273403.0,True,True,True,False,False,True,False
477,1,70.61,53.15,64.12,0,87.21,53.03,1,294108.0,False,True,False,True,False,True,False
962,0,73.71,91.78,74.71,1,87.69,76.86,0,0.0,False,True,True,False,False,False,False
719,0,72.93,65.11,57.64,1,95.69,75.47,0,0.0,True,True,True,False,False,True,True
596,0,64.58,62.42,69.03,0,52.0,57.42,0,0.0,False,True,False,True,False,False,True
444,0,62.21,50.36,59.15,0,50.0,51.88,1,412445.0,True,True,False,True,False,False,False
566,0,65.16,59.71,63.15,0,68.06,66.06,1,200000.0,False,False,False,True,False,False,True
621,0,84.06,77.46,72.19,1,98.0,62.86,1,622701.0,True,False,True,False,False,False,False
336,0,52.42,39.39,69.11,0,60.37,56.32,1,217609.0,False,True,True,False,False,False,True
723,1,67.6,60.5,73.54,0,63.27,55.47,1,200000.0,False,False,True,False,False,False,True
548,0,64.7,53.66,74.88,1,53.84,65.65,1,200000.0,False,False,False,True,False,False,False
789,1,63.36,55.84,51.63,0,59.41,54.12,0,0.0,True,True,True,False,False,False,True
574,0,76.88,53.55,60.3,0,83.66,63.01,1,301346.0,True,False,True,False,False,False,False
189,0,50.92,77.99,68.35,0,61.64,61.45,1,200000.0,False,True,True,False,False,False,True
501,0,51.37,42.98,58.54,0,64.89,62.36,1,217609.0,True,True,True,False,False,True,True
283,1,78.71,46.59,54.18,1,66.19,55.21,0,0.0,False,False,False,True,False,False,False
975,1,62.12,59.24,67.64,0,72.19,51.21,0,0.0,True,True,False,True,False,False,False
467,0,79.27,72.96,68.37,0,79.38,61.6,1,200000.0,True,True,False,True,False,False,False
919,1,70.63,55.25,74.31,0,53.8,58.72,1,276522.0,False,True,True,False,False,False,False
341,1,61.0,55.4,67.04,0,74.46,59.23,1,217609.0,False,True,False,True,False,False,True
66,1,79.07,78.99,70.84,0,78.91,68.6,1,220821.0,True,False,True,False,False,False,False
697,1,83.51,87.33,80.55,0,97.17,56.93,1,635260.0,True,True,False,True,False,False,False
302,0,81.03,56.51,66.5,0,64.53,60.44,1,306445.0,True,True,False,True,False,False,True
948,1,78.63,74.11,65.41,0,95.85,69.73,1,200000.0,True,True,True,False,False,True,True
969,1,62.12,79.47,70.92,1,82.51,60.67,0,0.0,False,False,True,False,False,False,True
871,1,60.53,91.21,66.91,0,93.37,59.77,1,291288.0,False,False,True,False,False,True,True
785,1,61.77,55.86,69.75,0,52.94,72.96,1,279405.0,True,True,True,False,False,True,False
603,0,66.71,61.63,63.77,0,90.44,66.17,1,200000.0,False,True,True,False,False,False,True
493,0,64.0,59.5,55.87,0,71.92,68.69,1,217692.0,False,False,False,True,False,False,True
875,1,61.38,69.38,58.62,0,62.28,54.13,1,200000.0,False,True,False,True,False,False,True
959,1,59.85,61.83,70.67,1,56.81,53.17,1,484895.0,False,False,False,False,False,False,True
292,0,75.2,70.49,71.11,0,57.88,68.25,1,354464.0,True,True,True,False,False,False,True
53,1,75.29,58.33,57.81,0,65.58,57.17,1,227965.0,True,True,True,False,False,False,True
891,1,69.43,72.71,53.4,0,70.5,66.09,1,274883.0,True,True,False,True,False,False,True
167,1,73.53,61.98,66.12,1,91.67,66.57,0,0.0,False,False,False,True,False,False,True
35,0,77.21,72.38,74.0,1,79.77,64.93,1,313150.0,False,False,False,True,False,True,False
556,0,65.43,58.81,61.38,0,95.16,61.9,1,265217.0,False,True,True,False,False,False,True
540,1,70.28,60.47,75.36,1,87.12,74.19,1,302037.0,False,True,True,False,False,False,False
528,0,76.23,70.39,73.8,1,66.54,77.03,1,312026.0,False,False,True,False,False,False,False
618,0,68.77,64.02,56.56,0,88.58,64.91,1,350649.0,False,True,True,False,False,False,False
81,0,66.1,67.21,58.51,0,67.07,59.53,1,270275.0,False,False,True,False,False,False,False
824,1,79.68,60.46,61.55,0,66.87,55.08,1,217609.0,True,False,True,False,False,False,True
932,1,59.17,46.5,50.0,1,60.81,56.22,0,0.0,False,True,True,False,False,False,True
135,1,70.56,71.87,68.9,0,92.5,55.09,1,257254.0,False,True,True,False,False,False,False
491,1,56.58,69.46,53.6,1,81.2,62.4,0,0.0,False,False,True,False,False,False,False
358,1,55.28,52.26,60.31,0,64.44,53.29,1,200000.0,True,True,True,False,False,False,False
652,1,70.57,95.63,68.01,0,66.83,56.6,1,324704.0,True,True,False,True,False,True,False
741,1,60.38,72.51,66.98,0,64.64,51.21,1,200000.0,False,True,True,False,False,False,True
909,1,60.55,55.08,69.35,0,68.33,59.51,1,218653.0,False,False,False,False,False,False,False
44,1,42.36,47.93,64.21,1,50.0,64.77,0,0.0,True,False,False,True,False,False,False
384,0,47.11,64.03,60.92,0,55.89,61.35,0,0.0,False,True,True,False,False,False,True
183,1,85.05,70.31,74.54,0,91.06,70.5,1,299661.0,False,False,False,False,False,True,False
185,1,57.67,63.76,74.26,1,95.42,53.14,1,241754.0,False,True,True,False,False,False,False
877,1,81.85,67.48,69.42,1,94.0,61.14,1,281421.0,False,False,False,False,False,True,False
954,1,75.34,49.56,67.34,1,58.56,61.31,1,200000.0,True,True,False,True,False,True,False
901,0,71.99,67.35,58.51,0,61.5,63.71,1,214256.0,True,True,True,False,True,False,False
609,1,59.54,62.96,64.92,0,57.68,53.15,1,289366.0,False,True,False,True,False,False,False
62,0,73.67,62.43,65.33,0,88.17,63.53,1,222534.0,True,False,True,False,False,False,False
565,1,58.4,63.53,58.28,0,58.03,52.23,1,217609.0,True,True,True,False,False,False,True
905,0,70.14,63.44,70.22,0,91.79,72.16,1,258025.0,False,False,False,True,False,True,False
237,1,63.13,60.38,59.13,1,54.85,51.73,0,0.0,False,True,False,True,False,False,True
826,1,81.01,63.51,63.86,1,57.06,60.62,1,300921.0,True,False,True,False,False,False,False
19,0,62.88,69.89,73.17,1,78.22,67.38,1,228974.0,False,False,False,True,False,True,False
558,1,61.76,37.38,63.29,0,73.22,55.38,0,0.0,False,False,False,True,False,False,False
861,1,70.37,67.25,64.87,0,72.28,55.84,1,208810.0,False,False,False,True,False,True,False
543,1,53.41,54.53,50.0,1,59.91,59.73,0,0.0,False,True,True,False,False,False,True
952,1,70.21,74.97,68.54,0,86.04,66.26,1,202574.0,False,False,False,True,False,False,False
533,1,71.69,61.44,79.97,1,76.5,69.01,0,0.0,True,True,True,False,False,False,False
263,0,49.55,47.99,56.33,0,59.65,55.64,0,0.0,False,True,True,False,False,False,False
11,0,43.55,57.85,54.18,0,96.4,66.03,0,0.0,False,False,True,False,True,False,False
923,1,46.41,69.05,65.66,1,61.53,64.23,0,0.0,False,True,False,True,False,False,False
631,1,62.71,52.58,50.78,1,50.0,58.18,1,217609.0,True,False,True,False,False,False,False
435,1,87.73,78.47,67.99,1,58.93,64.74,1,258407.0,False,False,True,False,False,False,False
524,1,58.07,58.27,57.83,0,79.8,52.27,1,200000.0,False,False,True,False,False,False,True
790,1,55.22,65.33,61.89,1,62.71,54.43,1,217609.0,True,True,True,False,False,False,False
805,1,64.3,68.0,75.46,0,98.0,67.97,1,307375.0,False,False,False,True,False,True,True
